Host,Frequency
Tina Fey,324
Amy Poehler,358
Amy,304
RT MovieMayor,1
Tina Feys,3
Rolonda Watts,1
Dalia MacPhee,1
Jay Leno,3
Kellys,1
Amy Poehlers,1
Jay Lenos,1
î„†î„†î„†,1
Amy Pohler,14
Tina Fey + Amy Poehler,11
Ingersoll Square Lofts,1
SGS,1
Ryan Seacrest,2
TinaFey,11
Tina/Amy,1
que tina,1
iloveamypoehler,1
Glenn Closes,1
Amy Polher,1
RT jaqico,1
Norberry,1
Tina,150
Amy Poehler - BostonCollege,3
Amy Poeler,3
Amy Pholer & Tiny Fay,1
Amy hostin  ahhhhh,1
omg tina,1
Jamas,1
gustado tina,1
Bill Murray,3
Globes,6
Tina Faye,1
Tina Fey RT,1
RT ELLEmagazine,3
Oscar,5
Hathaway,2
Franko,1
LoveEm,1
RT kumailn,14
Queen Amy,1
Queen Tina,1
RT buckleyjason,1
James Cameron,2
Omg Amy Poehler,2
Tina Fay,4
RT kirstinbenson,2
fuckin,1
jack,1
Dynamic Duo,2
RT adryenn,1
RBRGG,1
Al Roker,1
Kevin Dior,4
Ron Riggle,1
Amy Poheler,2
shaka laka,1
Daniel Day Lewis,1
Amy P.,1
Daniel Day-Louis,1
RT romain_zago,1
hilmonstah,1
RT jianghomeshi,27
besthostsever  ,1
BOREDmommy,2
OfficialAdele,1
Matt Lauer,1
Brava,1
ðŸ’–,1
Amy & Tina,1
RT m_lizzy,1
Soooooo,1
RT keckberg,1
Maggie Smith,7
Liz,1
TinaAmy,1
RT ReneeBargh,1
RT JihadKitty,1
"RT JawnMurray
Amy Poehler & Tina Fey",1
Amy Poehler/Tina Fey,2
Quentin Tarantino,3
Anne Hathaway,2
Hilarious,2
neil patrick harris,1
Ricky,1
Amy Poelher,1
Matt Pinfield,1
Amy Phoehler,1
Awkward,1
Seth MacFarlane,4
Paul Rudd,2
Seth,3
rickygervais,1
RT ickyvicky2696,1
Salma Hayek,1
James Franco,1
Robert Downey Jr.,2
Mel Gibson,3
Tony Mendez,2
Adele,7
Adele Hi-,1
Daniel Craig,1
Bill Clinton,3
hostia el Clinton,1
Bill Rodham Clinton,2
Hilary Clintons,1
RT CNNLADavid,1
Reagan,1
Hillary Clintons,2
Maggie Smi,7
Will Ferrel,1
Kristin Wiig,3
Taylor Swift,5
Ricky Gervais,6
Will Ferrell,28
Kristen Wiig,31
Kristen,3
Kristin,3
RT chariot13,1
Wiig,2
Jennifer Lawrence,4
RT Didibenami,1
Will Farrell,1
kristinwiigandwillferrell,1
Neil Patrick Harris,2
kristen wiig,1
Kristin Wiig & Will Ferrel,1
Oprah Winfrey,1
Megan Fox,1
nbcsnl,3
Melhor SÃ©rie de Drama,1
Kristen Wiigs,1
RT MarcusRFrancis,1
Blerg,1
Lorne Michaels,9
Helena Bonham Carter,9
Lorne,9
de mala,2
hostia de Tommie Lee Jones,2
Martin Short,1
RT chucklesponcho,1
kristin,1
ðŸ˜‰,1
EntertainmentKingandQueen,1
RT kevinrfree,1
SethMacFarlane Hold,1
Love Wiig,1
Ellen,1
Jimmy Fallon,3
SÃ©rie de Drama,1
bahaha,1
ybbilbaert,1
Soo Kristen,1
Cohens,4
Cohen,7
Bien,1
Tiny Fey,2
Howie Mandel,2
nascar,2
George Clooneys,1
Amy Poehler +,2
George Clooney,3
God,1
lizraz10,1
han salido,1
Matt Ryan,1
Godiva,1
WBN2013,1
Michael J. Foxs,3
Loving Tina,2
Glenn Close,4
Robert Downey,4
Jr.,1
RT YahooTV:,1
Lena Dunham,1
Tina Fey/Amy Poehler,1
Ohhh,1
Ghost Protocol,1
Jodie,1
Kristen Stewart,1
Estelle Gettys,1
LWren Scott,1
Adam Corolla,1
Seth Macfarlane,2
Ryan,1
Adam Carolla,1
RT Millerita,1
Sarah Palin,1
Leslie Knope,1
PerezHilton,1
Que,1
bagel bites,1
GoldenGlobes2014,1
Regina Georges,1
RT murraymaker,4
Jodie Foster,8
Hahah,1
snl,1
GoldenBert,4
QT,1
John Sheardown,1
RT laurenbrumley,1
Lori,1
sethmeyers21 Dear Seth,1
Jen Garner,1
Job,1
kinda,1
Lea Michele,1
Sofia Vergara,1
Glad,1
Loved Amy,1
â˜‘,1
JulieAlexandria,1
Ben Affleck,1
Claire Danes,1
Seth MacFarlanes,2
RT katy_erin,1
Kinda,1
Greatest,2
jodie foster,1
jennifer lawrence,1
normmacdonald,1
